feature,dtype,feature_type,unique_count,missing_count,min,max,mean,median
Age,int64,numeric,46,0,30.0,86.0,58.897689768976896,58.0
Weight,int64,numeric,54,0,48.0,120.0,73.83168316831683,74.0
Length,int64,numeric,44,0,140.0,188.0,164.7161716171617,165.0
BMI,float64,numeric,263,0,18.115412710007302,40.90065778377467,27.248338858149047,26.775510204081634
BP,int64,numeric,17,0,90.0,190.0,129.55445544554456,130.0
PR,int64,numeric,21,0,50.0,110.0,75.14191419141915,70.0
FBS,int64,numeric,113,0,62.0,400.0,119.18481848184818,98.0
CR,float64,numeric,18,0,0.5,2.2,1.0556105610561057,1.0
TG,int64,numeric,147,0,37.0,1050.0,150.34323432343234,122.0
LDL,int64,numeric,110,0,18.0,232.0,104.64356435643565,100.0
HDL,float64,numeric,47,0,15.9,111.0,40.23399339933993,39.0
BUN,int64,numeric,33,0,6.0,52.0,17.501650165016503,16.0
ESR,int64,numeric,58,0,1.0,90.0,19.462046204620464,15.0
HB,float64,numeric,66,0,8.9,17.6,13.153465346534654,13.2
K,float64,numeric,27,0,3.0,6.6,4.230693069306931,4.2
Na,int64,numeric,25,0,128.0,156.0,140.996699669967,141.0
WBC,int64,numeric,78,0,3700.0,18000.0,7562.046204620462,7100.0
Lymph,int64,numeric,50,0,7.0,60.0,32.399339933993396,32.0
Neut,int64,numeric,52,0,32.0,89.0,60.148514851485146,60.0
PLT,int64,numeric,135,0,25.0,742.0,221.4884488448845,210.0
EF-TTE,int64,numeric,11,0,15.0,60.0,47.23102310231023,50.0
Sex,str,categorical_or_binary,2,0,,,,
DM,int64,categorical_or_binary,2,0,,,,
HTN,int64,categorical_or_binary,2,0,,,,
Current Smoker,int64,categorical_or_binary,2,0,,,,
EX-Smoker,int64,categorical_or_binary,2,0,,,,
FH,int64,categorical_or_binary,2,0,,,,
Obesity,str,categorical_or_binary,2,0,,,,
CRF,str,categorical_or_binary,2,0,,,,
CVA,str,categorical_or_binary,2,0,,,,
Airway disease,str,categorical_or_binary,2,0,,,,
Thyroid Disease,str,categorical_or_binary,2,0,,,,
CHF,str,categorical_or_binary,2,0,,,,
DLP,str,categorical_or_binary,2,0,,,,
Edema,int64,categorical_or_binary,2,0,,,,
Weak Peripheral Pulse,str,categorical_or_binary,2,0,,,,
Lung rales,str,categorical_or_binary,2,0,,,,
Systolic Murmur,str,categorical_or_binary,2,0,,,,
Diastolic Murmur,str,categorical_or_binary,2,0,,,,
Typical Chest Pain,int64,categorical_or_binary,2,0,,,,
Dyspnea,str,categorical_or_binary,2,0,,,,
Function Class,int64,categorical_or_binary,4,0,,,,
Atypical,str,categorical_or_binary,2,0,,,,
Nonanginal,str,categorical_or_binary,2,0,,,,
Exertional CP,str,categorical_or_binary,1,0,,,,
LowTH Ang,str,categorical_or_binary,2,0,,,,
Q Wave,int64,categorical_or_binary,2,0,,,,
St Elevation,int64,categorical_or_binary,2,0,,,,
St Depression,int64,categorical_or_binary,2,0,,,,
Tinversion,int64,categorical_or_binary,2,0,,,,
LVH,str,categorical_or_binary,2,0,,,,
Poor R Progression,str,categorical_or_binary,2,0,,,,
BBB,str,categorical_or_binary,3,0,,,,
Region RWMA,int64,categorical_or_binary,5,0,,,,
VHD,str,categorical_or_binary,4,0,,,,
